vendor_key,vendor_name,product_key
3,Vendor C,1
4,Vendor D,2
1,Vendor A,3
3,Vendor C,4
3,Vendor C,5
4,Vendor D,6
1,Vendor A,7
1,Vendor A,8
3,Vendor C,9
2,Vendor B,10
3,Vendor C,11
3,Vendor C,12
3,Vendor C,13
3,Vendor C,14
4,Vendor D,15
1,Vendor A,16
4,Vendor D,17
4,Vendor D,18
4,Vendor D,19
3,Vendor C,20
2,Vendor B,21
1,Vendor A,22
2,Vendor B,23
4,Vendor D,24
4,Vendor D,25
2,Vendor B,26
2,Vendor B,27
2,Vendor B,28
4,Vendor D,29
4,Vendor D,30
1,Vendor A,31
1,Vendor A,32
4,Vendor D,33
2,Vendor B,34
2,Vendor B,35
1,Vendor A,36
4,Vendor D,37
1,Vendor A,38
1,Vendor A,39
3,Vendor C,40
3,Vendor C,41
3,Vendor C,42
2,Vendor B,43
4,Vendor D,44
4,Vendor D,45
4,Vendor D,46
4,Vendor D,47
3,Vendor C,48
2,Vendor B,49
2,Vendor B,50
3,Vendor C,51
2,Vendor B,52
3,Vendor C,53
4,Vendor D,54
3,Vendor C,55
4,Vendor D,56
4,Vendor D,57
1,Vendor A,58
3,Vendor C,59
1,Vendor A,60
3,Vendor C,61
3,Vendor C,62
1,Vendor A,63
1,Vendor A,64
3,Vendor C,65
2,Vendor B,66
4,Vendor D,67
1,Vendor A,68
4,Vendor D,69
2,Vendor B,70
2,Vendor B,71
2,Vendor B,72
1,Vendor A,73
2,Vendor B,74
1,Vendor A,75
2,Vendor B,76
4,Vendor D,77
4,Vendor D,78
3,Vendor C,79
4,Vendor D,80
3,Vendor C,81
4,Vendor D,82
1,Vendor A,83
4,Vendor D,84
3,Vendor C,85
3,Vendor C,86
2,Vendor B,87
1,Vendor A,88
4,Vendor D,89
2,Vendor B,90
4,Vendor D,91
4,Vendor D,92
2,Vendor B,93
2,Vendor B,94
2,Vendor B,95
2,Vendor B,96
2,Vendor B,97
4,Vendor D,98
2,Vendor B,99
1,Vendor A,100
3,Vendor C,101
2,Vendor B,102
2,Vendor B,103
4,Vendor D,104
2,Vendor B,105
2,Vendor B,106
2,Vendor B,107
4,Vendor D,108
2,Vendor B,109
3,Vendor C,110
4,Vendor D,111
3,Vendor C,112
4,Vendor D,113
2,Vendor B,114
3,Vendor C,115
4,Vendor D,116
1,Vendor A,117
2,Vendor B,118
4,Vendor D,119
1,Vendor A,120
4,Vendor D,121
1,Vendor A,122
2,Vendor B,123
3,Vendor C,124
1,Vendor A,125
4,Vendor D,126
2,Vendor B,127
1,Vendor A,128
4,Vendor D,129
4,Vendor D,130
4,Vendor D,131
1,Vendor A,132
1,Vendor A,133
1,Vendor A,134
3,Vendor C,135
1,Vendor A,136
1,Vendor A,137
1,Vendor A,138
3,Vendor C,139
1,Vendor A,140
4,Vendor D,141
1,Vendor A,142
4,Vendor D,143
4,Vendor D,144
4,Vendor D,145
3,Vendor C,146
3,Vendor C,147
3,Vendor C,148
1,Vendor A,149
4,Vendor D,150
3,Vendor C,151
3,Vendor C,152
1,Vendor A,153
3,Vendor C,154
1,Vendor A,155
2,Vendor B,156
3,Vendor C,157
2,Vendor B,158
1,Vendor A,159
4,Vendor D,160
3,Vendor C,161
1,Vendor A,162
4,Vendor D,163
4,Vendor D,164
2,Vendor B,165
1,Vendor A,166
4,Vendor D,167
3,Vendor C,168
3,Vendor C,169
2,Vendor B,170
4,Vendor D,171
1,Vendor A,172
3,Vendor C,173
4,Vendor D,174
4,Vendor D,175
2,Vendor B,176
3,Vendor C,177
3,Vendor C,178
1,Vendor A,179
3,Vendor C,180
1,Vendor A,181
3,Vendor C,182
2,Vendor B,183
3,Vendor C,184
1,Vendor A,185
1,Vendor A,186
2,Vendor B,187
3,Vendor C,188
3,Vendor C,189
2,Vendor B,190
3,Vendor C,191
3,Vendor C,192
1,Vendor A,193
3,Vendor C,194
3,Vendor C,195
2,Vendor B,196
2,Vendor B,197
4,Vendor D,198
1,Vendor A,199
3,Vendor C,200
3,Vendor C,201
4,Vendor D,202
3,Vendor C,203
1,Vendor A,204
4,Vendor D,205
1,Vendor A,206
4,Vendor D,207
4,Vendor D,208
2,Vendor B,209
1,Vendor A,210
3,Vendor C,211
3,Vendor C,212
1,Vendor A,213
3,Vendor C,214
3,Vendor C,215
1,Vendor A,216
4,Vendor D,217
1,Vendor A,218
4,Vendor D,219
3,Vendor C,220
3,Vendor C,221
3,Vendor C,222
2,Vendor B,223
4,Vendor D,224
2,Vendor B,225
2,Vendor B,226
1,Vendor A,227
2,Vendor B,228
1,Vendor A,229
1,Vendor A,230
2,Vendor B,231
4,Vendor D,232
4,Vendor D,233
4,Vendor D,234
4,Vendor D,235
4,Vendor D,236
2,Vendor B,237
2,Vendor B,238
3,Vendor C,239
4,Vendor D,240
2,Vendor B,241
3,Vendor C,242
4,Vendor D,243
1,Vendor A,244
3,Vendor C,245
2,Vendor B,246
1,Vendor A,247
1,Vendor A,248
1,Vendor A,249
3,Vendor C,250
2,Vendor B,251
1,Vendor A,252
4,Vendor D,253
1,Vendor A,254
1,Vendor A,255
3,Vendor C,256
3,Vendor C,257
2,Vendor B,258
4,Vendor D,259
3,Vendor C,260
1,Vendor A,261
2,Vendor B,262
1,Vendor A,263
1,Vendor A,264
3,Vendor C,265
2,Vendor B,266
4,Vendor D,267
4,Vendor D,268
3,Vendor C,269
3,Vendor C,270
2,Vendor B,271
4,Vendor D,272
4,Vendor D,273
4,Vendor D,274
1,Vendor A,275
4,Vendor D,276
1,Vendor A,277
2,Vendor B,278
1,Vendor A,279
2,Vendor B,280
4,Vendor D,281
4,Vendor D,282
2,Vendor B,283
3,Vendor C,284
2,Vendor B,285
3,Vendor C,286
1,Vendor A,287
1,Vendor A,288
1,Vendor A,289
4,Vendor D,290
1,Vendor A,291
3,Vendor C,292
1,Vendor A,293
2,Vendor B,294
2,Vendor B,295
4,Vendor D,296
2,Vendor B,297
3,Vendor C,298
1,Vendor A,299
4,Vendor D,300
1,Vendor A,301
1,Vendor A,302
3,Vendor C,303
2,Vendor B,304
2,Vendor B,305
1,Vendor A,306
4,Vendor D,307
2,Vendor B,308
4,Vendor D,309
2,Vendor B,310
4,Vendor D,311
3,Vendor C,312
4,Vendor D,313
3,Vendor C,314
3,Vendor C,315
4,Vendor D,316
3,Vendor C,317
1,Vendor A,318
3,Vendor C,319
2,Vendor B,320
4,Vendor D,321
1,Vendor A,322
4,Vendor D,323
2,Vendor B,324
2,Vendor B,325
2,Vendor B,326
3,Vendor C,327
3,Vendor C,328
4,Vendor D,329
4,Vendor D,330
1,Vendor A,331
1,Vendor A,332
4,Vendor D,333
3,Vendor C,334
2,Vendor B,335
4,Vendor D,336
1,Vendor A,337
3,Vendor C,338
4,Vendor D,339
4,Vendor D,340
3,Vendor C,341
4,Vendor D,342
3,Vendor C,343
2,Vendor B,344
3,Vendor C,345
3,Vendor C,346
3,Vendor C,347
4,Vendor D,348
4,Vendor D,349
3,Vendor C,350
4,Vendor D,351
1,Vendor A,352
1,Vendor A,353
4,Vendor D,354
4,Vendor D,355
3,Vendor C,356
2,Vendor B,357
4,Vendor D,358
1,Vendor A,359
3,Vendor C,360
4,Vendor D,361
1,Vendor A,362
1,Vendor A,363
2,Vendor B,364
3,Vendor C,365
3,Vendor C,366
2,Vendor B,367
2,Vendor B,368
3,Vendor C,369
3,Vendor C,370
4,Vendor D,371
4,Vendor D,372
2,Vendor B,373
4,Vendor D,374
1,Vendor A,375
4,Vendor D,376
4,Vendor D,377
1,Vendor A,378
2,Vendor B,379
1,Vendor A,380
4,Vendor D,381
2,Vendor B,382
4,Vendor D,383
1,Vendor A,384
1,Vendor A,385
4,Vendor D,386
3,Vendor C,387
3,Vendor C,388
1,Vendor A,389
1,Vendor A,390
3,Vendor C,391
3,Vendor C,392
4,Vendor D,393
4,Vendor D,394
3,Vendor C,395
4,Vendor D,396
4,Vendor D,397
2,Vendor B,398
4,Vendor D,399
1,Vendor A,400
4,Vendor D,401
4,Vendor D,402
3,Vendor C,403
1,Vendor A,404
4,Vendor D,405
4,Vendor D,406
2,Vendor B,407
4,Vendor D,408
4,Vendor D,409
2,Vendor B,410
3,Vendor C,411
4,Vendor D,412
2,Vendor B,413
1,Vendor A,414
3,Vendor C,415
1,Vendor A,416
1,Vendor A,417
2,Vendor B,418
4,Vendor D,419
2,Vendor B,420
2,Vendor B,421
2,Vendor B,422
2,Vendor B,423
3,Vendor C,424
4,Vendor D,425
1,Vendor A,426
1,Vendor A,427
4,Vendor D,428
1,Vendor A,429
4,Vendor D,430
1,Vendor A,431
2,Vendor B,432
1,Vendor A,433
4,Vendor D,434
4,Vendor D,435
4,Vendor D,436
4,Vendor D,437
4,Vendor D,438
3,Vendor C,439
3,Vendor C,440
1,Vendor A,441
4,Vendor D,442
1,Vendor A,443
4,Vendor D,444
4,Vendor D,445
3,Vendor C,446
3,Vendor C,447
2,Vendor B,448
3,Vendor C,449
2,Vendor B,450
2,Vendor B,451
2,Vendor B,452
2,Vendor B,453
2,Vendor B,454
1,Vendor A,455
3,Vendor C,456
2,Vendor B,457
4,Vendor D,458
3,Vendor C,459
3,Vendor C,460
2,Vendor B,461
1,Vendor A,462
2,Vendor B,463
1,Vendor A,464
4,Vendor D,465
3,Vendor C,466
4,Vendor D,467
1,Vendor A,468
1,Vendor A,469
4,Vendor D,470
1,Vendor A,471
4,Vendor D,472
3,Vendor C,473
4,Vendor D,474
3,Vendor C,475
4,Vendor D,476
1,Vendor A,477
4,Vendor D,478
1,Vendor A,479
4,Vendor D,480
4,Vendor D,481
2,Vendor B,482
1,Vendor A,483
2,Vendor B,484
1,Vendor A,485
2,Vendor B,486
3,Vendor C,487
4,Vendor D,488
1,Vendor A,489
1,Vendor A,490
4,Vendor D,491
1,Vendor A,492
1,Vendor A,493
2,Vendor B,494
1,Vendor A,495
3,Vendor C,496
3,Vendor C,497
4,Vendor D,498
1,Vendor A,499
4,Vendor D,500
3,Vendor C,501
1,Vendor A,502
1,Vendor A,503
4,Vendor D,504
3,Vendor C,505
1,Vendor A,506
4,Vendor D,507
3,Vendor C,508
4,Vendor D,509
2,Vendor B,510
1,Vendor A,511
2,Vendor B,512
3,Vendor C,513
2,Vendor B,514
2,Vendor B,515
3,Vendor C,516
4,Vendor D,517
2,Vendor B,518
4,Vendor D,519
2,Vendor B,520
4,Vendor D,521
3,Vendor C,522
2,Vendor B,523
3,Vendor C,524
2,Vendor B,525
3,Vendor C,526
3,Vendor C,527
2,Vendor B,528
2,Vendor B,529
2,Vendor B,530
1,Vendor A,531
4,Vendor D,532
1,Vendor A,533
1,Vendor A,534
3,Vendor C,535
2,Vendor B,536
4,Vendor D,537
3,Vendor C,538
1,Vendor A,539
2,Vendor B,540
3,Vendor C,541
2,Vendor B,542
3,Vendor C,543
2,Vendor B,544
1,Vendor A,545
4,Vendor D,546
1,Vendor A,547
4,Vendor D,548
2,Vendor B,549
3,Vendor C,550
1,Vendor A,551
4,Vendor D,552
1,Vendor A,553
4,Vendor D,554
1,Vendor A,555
4,Vendor D,556
4,Vendor D,557
2,Vendor B,558
4,Vendor D,559
2,Vendor B,560
4,Vendor D,561
3,Vendor C,562
3,Vendor C,563
3,Vendor C,564
4,Vendor D,565
2,Vendor B,566
2,Vendor B,567
4,Vendor D,568
3,Vendor C,569
3,Vendor C,570
2,Vendor B,571
3,Vendor C,572
1,Vendor A,573
2,Vendor B,574
3,Vendor C,575
2,Vendor B,576
1,Vendor A,577
2,Vendor B,578
2,Vendor B,579
2,Vendor B,580
2,Vendor B,581
1,Vendor A,582
4,Vendor D,583
2,Vendor B,584
2,Vendor B,585
3,Vendor C,586
2,Vendor B,587
3,Vendor C,588
4,Vendor D,589
1,Vendor A,590
1,Vendor A,591
4,Vendor D,592
1,Vendor A,593
4,Vendor D,594
4,Vendor D,595
4,Vendor D,596
1,Vendor A,597
3,Vendor C,598
4,Vendor D,599
2,Vendor B,600
1,Vendor A,601
4,Vendor D,602
4,Vendor D,603
2,Vendor B,604
3,Vendor C,605
3,Vendor C,606
3,Vendor C,607
4,Vendor D,608
4,Vendor D,609
4,Vendor D,610
1,Vendor A,611
2,Vendor B,612
4,Vendor D,613
2,Vendor B,614
2,Vendor B,615
3,Vendor C,616
1,Vendor A,617
4,Vendor D,618
3,Vendor C,619
3,Vendor C,620
4,Vendor D,621
2,Vendor B,622
3,Vendor C,623
2,Vendor B,624
1,Vendor A,625
2,Vendor B,626
1,Vendor A,627
2,Vendor B,628
3,Vendor C,629
3,Vendor C,630
1,Vendor A,631
4,Vendor D,632
1,Vendor A,633
1,Vendor A,634
2,Vendor B,635
2,Vendor B,636
1,Vendor A,637
3,Vendor C,638
2,Vendor B,639
4,Vendor D,640
2,Vendor B,641
2,Vendor B,642
4,Vendor D,643
1,Vendor A,644
4,Vendor D,645
1,Vendor A,646
1,Vendor A,647
1,Vendor A,648
4,Vendor D,649
1,Vendor A,650
3,Vendor C,651
4,Vendor D,652
3,Vendor C,653
1,Vendor A,654
2,Vendor B,655
1,Vendor A,656
3,Vendor C,657
3,Vendor C,658
4,Vendor D,659
2,Vendor B,660
4,Vendor D,661
3,Vendor C,662
1,Vendor A,663
2,Vendor B,664
1,Vendor A,665
1,Vendor A,666
2,Vendor B,667
4,Vendor D,668
1,Vendor A,669
3,Vendor C,670
1,Vendor A,671
2,Vendor B,672
2,Vendor B,673
2,Vendor B,674
4,Vendor D,675
1,Vendor A,676
4,Vendor D,677
4,Vendor D,678
2,Vendor B,679
2,Vendor B,680
4,Vendor D,681
1,Vendor A,682
3,Vendor C,683
4,Vendor D,684
1,Vendor A,685
2,Vendor B,686
2,Vendor B,687
1,Vendor A,688
3,Vendor C,689
2,Vendor B,690
2,Vendor B,691
2,Vendor B,692
1,Vendor A,693
4,Vendor D,694
2,Vendor B,695
4,Vendor D,696
3,Vendor C,697
2,Vendor B,698
2,Vendor B,699
3,Vendor C,700
2,Vendor B,701
4,Vendor D,702
1,Vendor A,703
4,Vendor D,704
1,Vendor A,705
1,Vendor A,706
4,Vendor D,707
4,Vendor D,708
4,Vendor D,709
4,Vendor D,710
3,Vendor C,711
2,Vendor B,712
1,Vendor A,713
4,Vendor D,714
4,Vendor D,715
4,Vendor D,716
3,Vendor C,717
4,Vendor D,718
4,Vendor D,719
4,Vendor D,720
2,Vendor B,721
3,Vendor C,722
4,Vendor D,723
1,Vendor A,724
1,Vendor A,725
1,Vendor A,726
3,Vendor C,727
3,Vendor C,728
1,Vendor A,729
4,Vendor D,730
3,Vendor C,731
1,Vendor A,732
1,Vendor A,733
4,Vendor D,734
2,Vendor B,735
3,Vendor C,736
4,Vendor D,737
1,Vendor A,738
1,Vendor A,739
4,Vendor D,740
3,Vendor C,741
2,Vendor B,742
2,Vendor B,743
1,Vendor A,744
3,Vendor C,745
2,Vendor B,746
3,Vendor C,747
3,Vendor C,748
1,Vendor A,749
2,Vendor B,750
4,Vendor D,751
1,Vendor A,752
2,Vendor B,753
2,Vendor B,754
2,Vendor B,755
2,Vendor B,756
2,Vendor B,757
3,Vendor C,758
1,Vendor A,759
3,Vendor C,760
4,Vendor D,761
2,Vendor B,762
1,Vendor A,763
2,Vendor B,764
1,Vendor A,765
3,Vendor C,766
1,Vendor A,767
4,Vendor D,768
4,Vendor D,769
1,Vendor A,770
1,Vendor A,771
1,Vendor A,772
1,Vendor A,773
4,Vendor D,774
2,Vendor B,775
1,Vendor A,776
1,Vendor A,777
4,Vendor D,778
4,Vendor D,779
3,Vendor C,780
1,Vendor A,781
3,Vendor C,782
4,Vendor D,783
4,Vendor D,784
2,Vendor B,785
1,Vendor A,786
3,Vendor C,787
4,Vendor D,788
4,Vendor D,789
3,Vendor C,790
2,Vendor B,791
4,Vendor D,792
1,Vendor A,793
4,Vendor D,794
1,Vendor A,795
3,Vendor C,796
1,Vendor A,797
3,Vendor C,798
1,Vendor A,799
3,Vendor C,800
1,Vendor A,801
2,Vendor B,802
1,Vendor A,803
1,Vendor A,804
2,Vendor B,805
4,Vendor D,806
4,Vendor D,807
1,Vendor A,808
2,Vendor B,809
1,Vendor A,810
3,Vendor C,811
3,Vendor C,812
1,Vendor A,813
4,Vendor D,814
4,Vendor D,815
1,Vendor A,816
1,Vendor A,817
3,Vendor C,818
4,Vendor D,819
1,Vendor A,820
3,Vendor C,821
4,Vendor D,822
2,Vendor B,823
3,Vendor C,824
4,Vendor D,825
4,Vendor D,826
3,Vendor C,827
2,Vendor B,828
3,Vendor C,829
4,Vendor D,830
1,Vendor A,831
1,Vendor A,832
3,Vendor C,833
4,Vendor D,834
1,Vendor A,835
4,Vendor D,836
3,Vendor C,837
1,Vendor A,838
4,Vendor D,839
1,Vendor A,840
3,Vendor C,841
4,Vendor D,842
1,Vendor A,843
3,Vendor C,844
1,Vendor A,845
1,Vendor A,846
2,Vendor B,847
2,Vendor B,848
3,Vendor C,849
2,Vendor B,850
3,Vendor C,851
2,Vendor B,852
1,Vendor A,853
3,Vendor C,854
3,Vendor C,855
1,Vendor A,856
3,Vendor C,857
3,Vendor C,858
2,Vendor B,859
3,Vendor C,860
4,Vendor D,861
1,Vendor A,862
2,Vendor B,863
2,Vendor B,864
4,Vendor D,865
1,Vendor A,866
1,Vendor A,867
2,Vendor B,868
3,Vendor C,869
2,Vendor B,870
1,Vendor A,871
4,Vendor D,872
2,Vendor B,873
1,Vendor A,874
2,Vendor B,875
3,Vendor C,876
2,Vendor B,877
2,Vendor B,878
1,Vendor A,879
1,Vendor A,880
1,Vendor A,881
2,Vendor B,882
3,Vendor C,883
4,Vendor D,884
4,Vendor D,885
1,Vendor A,886
1,Vendor A,887
2,Vendor B,888
4,Vendor D,889
1,Vendor A,890
3,Vendor C,891
3,Vendor C,892
1,Vendor A,893
1,Vendor A,894
4,Vendor D,895
4,Vendor D,896
2,Vendor B,897
4,Vendor D,898
3,Vendor C,899
3,Vendor C,900
1,Vendor A,901
4,Vendor D,902
2,Vendor B,903
3,Vendor C,904
3,Vendor C,905
2,Vendor B,906
2,Vendor B,907
3,Vendor C,908
3,Vendor C,909
2,Vendor B,910
3,Vendor C,911
1,Vendor A,912
1,Vendor A,913
2,Vendor B,914
4,Vendor D,915
2,Vendor B,916
2,Vendor B,917
4,Vendor D,918
4,Vendor D,919
4,Vendor D,920
1,Vendor A,921
3,Vendor C,922
1,Vendor A,923
3,Vendor C,924
1,Vendor A,925
3,Vendor C,926
1,Vendor A,927
4,Vendor D,928
2,Vendor B,929
1,Vendor A,930
3,Vendor C,931
4,Vendor D,932
1,Vendor A,933
1,Vendor A,934
4,Vendor D,935
1,Vendor A,936
2,Vendor B,937
1,Vendor A,938
2,Vendor B,939
2,Vendor B,940
4,Vendor D,941
1,Vendor A,942
4,Vendor D,943
1,Vendor A,944
1,Vendor A,945
3,Vendor C,946
1,Vendor A,947
4,Vendor D,948
2,Vendor B,949
1,Vendor A,950
3,Vendor C,951
4,Vendor D,952
1,Vendor A,953
4,Vendor D,954
3,Vendor C,955
3,Vendor C,956
4,Vendor D,957
1,Vendor A,958
2,Vendor B,959
3,Vendor C,960
1,Vendor A,961
1,Vendor A,962
2,Vendor B,963
3,Vendor C,964
3,Vendor C,965
1,Vendor A,966
1,Vendor A,967
2,Vendor B,968
2,Vendor B,969
3,Vendor C,970
4,Vendor D,971
3,Vendor C,972
1,Vendor A,973
3,Vendor C,974
4,Vendor D,975
2,Vendor B,976
4,Vendor D,977
4,Vendor D,978
4,Vendor D,979
2,Vendor B,980
4,Vendor D,981
4,Vendor D,982
4,Vendor D,983
1,Vendor A,984
4,Vendor D,985
2,Vendor B,986
4,Vendor D,987
4,Vendor D,988
2,Vendor B,989
4,Vendor D,990
2,Vendor B,991
4,Vendor D,992
2,Vendor B,993
4,Vendor D,994
4,Vendor D,995
1,Vendor A,996
1,Vendor A,997
4,Vendor D,998
4,Vendor D,999
3,Vendor C,1000
2,Vendor B,1001
3,Vendor C,1002
1,Vendor A,1003
1,Vendor A,1004
1,Vendor A,1005
1,Vendor A,1006
4,Vendor D,1007
1,Vendor A,1008
4,Vendor D,1009
4,Vendor D,1010
1,Vendor A,1011
1,Vendor A,1012
2,Vendor B,1013
3,Vendor C,1014
1,Vendor A,1015
2,Vendor B,1016
2,Vendor B,1017
3,Vendor C,1018
4,Vendor D,1019
1,Vendor A,1020
3,Vendor C,1021
1,Vendor A,1022
2,Vendor B,1023
2,Vendor B,1024
4,Vendor D,1025
2,Vendor B,1026
2,Vendor B,1027
3,Vendor C,1028
1,Vendor A,1029
1,Vendor A,1030
3,Vendor C,1031
4,Vendor D,1032
1,Vendor A,1033
2,Vendor B,1034
1,Vendor A,1035
2,Vendor B,1036
4,Vendor D,1037
3,Vendor C,1038
1,Vendor A,1039
3,Vendor C,1040
1,Vendor A,1041
2,Vendor B,1042
3,Vendor C,1043
1,Vendor A,1044
2,Vendor B,1045
3,Vendor C,1046
3,Vendor C,1047
1,Vendor A,1048
1,Vendor A,1049
1,Vendor A,1050
2,Vendor B,1051
1,Vendor A,1052
3,Vendor C,1053
3,Vendor C,1054
1,Vendor A,1055
1,Vendor A,1056
4,Vendor D,1057
3,Vendor C,1058
2,Vendor B,1059
4,Vendor D,1060
1,Vendor A,1061
1,Vendor A,1062
3,Vendor C,1063
1,Vendor A,1064
2,Vendor B,1065
3,Vendor C,1066
1,Vendor A,1067
3,Vendor C,1068
1,Vendor A,1069
1,Vendor A,1070
1,Vendor A,1071
2,Vendor B,1072
2,Vendor B,1073
3,Vendor C,1074
1,Vendor A,1075
1,Vendor A,1076
2,Vendor B,1077
1,Vendor A,1078
2,Vendor B,1079
1,Vendor A,1080
3,Vendor C,1081
1,Vendor A,1082
1,Vendor A,1083
4,Vendor D,1084
2,Vendor B,1085
1,Vendor A,1086
1,Vendor A,1087
4,Vendor D,1088
4,Vendor D,1089
2,Vendor B,1090
4,Vendor D,1091
3,Vendor C,1092
4,Vendor D,1093
3,Vendor C,1094
2,Vendor B,1095
2,Vendor B,1096
2,Vendor B,1097
2,Vendor B,1098
2,Vendor B,1099
3,Vendor C,1100
3,Vendor C,1101
2,Vendor B,1102
4,Vendor D,1103
1,Vendor A,1104
2,Vendor B,1105
4,Vendor D,1106
1,Vendor A,1107
2,Vendor B,1108
2,Vendor B,1109
3,Vendor C,1110
1,Vendor A,1111
1,Vendor A,1112
4,Vendor D,1113
3,Vendor C,1114
3,Vendor C,1115
3,Vendor C,1116
3,Vendor C,1117
1,Vendor A,1118
1,Vendor A,1119
2,Vendor B,1120
2,Vendor B,1121
3,Vendor C,1122
3,Vendor C,1123
3,Vendor C,1124
2,Vendor B,1125
4,Vendor D,1126
4,Vendor D,1127
2,Vendor B,1128
2,Vendor B,1129
2,Vendor B,1130
2,Vendor B,1131
2,Vendor B,1132
2,Vendor B,1133
3,Vendor C,1134
3,Vendor C,1135
3,Vendor C,1136
3,Vendor C,1137
2,Vendor B,1138
4,Vendor D,1139
1,Vendor A,1140
2,Vendor B,1141
1,Vendor A,1142
4,Vendor D,1143
3,Vendor C,1144
4,Vendor D,1145
2,Vendor B,1146
3,Vendor C,1147
2,Vendor B,1148
3,Vendor C,1149
1,Vendor A,1150
1,Vendor A,1151
1,Vendor A,1152
4,Vendor D,1153
2,Vendor B,1154
4,Vendor D,1155
1,Vendor A,1156
2,Vendor B,1157
1,Vendor A,1158
4,Vendor D,1159
4,Vendor D,1160
4,Vendor D,1161
1,Vendor A,1162
2,Vendor B,1163
2,Vendor B,1164
1,Vendor A,1165
2,Vendor B,1166
1,Vendor A,1167
2,Vendor B,1168
3,Vendor C,1169
3,Vendor C,1170
4,Vendor D,1171
3,Vendor C,1172
3,Vendor C,1173
3,Vendor C,1174
1,Vendor A,1175
3,Vendor C,1176
3,Vendor C,1177
4,Vendor D,1178
3,Vendor C,1179
3,Vendor C,1180
2,Vendor B,1181
4,Vendor D,1182
4,Vendor D,1183
4,Vendor D,1184
4,Vendor D,1185
4,Vendor D,1186
4,Vendor D,1187
1,Vendor A,1188
3,Vendor C,1189
4,Vendor D,1190
3,Vendor C,1191
3,Vendor C,1192
1,Vendor A,1193
4,Vendor D,1194
2,Vendor B,1195
1,Vendor A,1196
2,Vendor B,1197
3,Vendor C,1198
3,Vendor C,1199
1,Vendor A,1200
1,Vendor A,1201
2,Vendor B,1202
4,Vendor D,1203
2,Vendor B,1204
1,Vendor A,1205
2,Vendor B,1206
1,Vendor A,1207
2,Vendor B,1208
1,Vendor A,1209
1,Vendor A,1210
1,Vendor A,1211
4,Vendor D,1212
2,Vendor B,1213
2,Vendor B,1214
2,Vendor B,1215
1,Vendor A,1216
2,Vendor B,1217
2,Vendor B,1218
1,Vendor A,1219
3,Vendor C,1220
1,Vendor A,1221
2,Vendor B,1222
1,Vendor A,1223
3,Vendor C,1224
1,Vendor A,1225
2,Vendor B,1226
3,Vendor C,1227
4,Vendor D,1228
2,Vendor B,1229
3,Vendor C,1230
3,Vendor C,1231
4,Vendor D,1232
1,Vendor A,1233
1,Vendor A,1234
2,Vendor B,1235
4,Vendor D,1236
1,Vendor A,1237
4,Vendor D,1238
1,Vendor A,1239
3,Vendor C,1240
1,Vendor A,1241
4,Vendor D,1242
3,Vendor C,1243
3,Vendor C,1244
3,Vendor C,1245
4,Vendor D,1246
2,Vendor B,1247
2,Vendor B,1248
2,Vendor B,1249
4,Vendor D,1250
3,Vendor C,1251
2,Vendor B,1252
4,Vendor D,1253
2,Vendor B,1254
1,Vendor A,1255
2,Vendor B,1256
2,Vendor B,1257
3,Vendor C,1258
4,Vendor D,1259
3,Vendor C,1260
3,Vendor C,1261
3,Vendor C,1262
3,Vendor C,1263
3,Vendor C,1264
2,Vendor B,1265
3,Vendor C,1266
3,Vendor C,1267
4,Vendor D,1268
1,Vendor A,1269
2,Vendor B,1270
2,Vendor B,1271
2,Vendor B,1272
3,Vendor C,1273
3,Vendor C,1274
3,Vendor C,1275
4,Vendor D,1276
1,Vendor A,1277
3,Vendor C,1278
1,Vendor A,1279
4,Vendor D,1280
2,Vendor B,1281
3,Vendor C,1282
1,Vendor A,1283
1,Vendor A,1284
3,Vendor C,1285
2,Vendor B,1286
2,Vendor B,1287
2,Vendor B,1288
4,Vendor D,1289
1,Vendor A,1290
1,Vendor A,1291
1,Vendor A,1292
4,Vendor D,1293
1,Vendor A,1294
4,Vendor D,1295
2,Vendor B,1296
3,Vendor C,1297
1,Vendor A,1298
1,Vendor A,1299
2,Vendor B,1300
3,Vendor C,1301
4,Vendor D,1302
3,Vendor C,1303
2,Vendor B,1304
2,Vendor B,1305
3,Vendor C,1306
4,Vendor D,1307
4,Vendor D,1308
1,Vendor A,1309
4,Vendor D,1310
3,Vendor C,1311
2,Vendor B,1312
1,Vendor A,1313
1,Vendor A,1314
2,Vendor B,1315
4,Vendor D,1316
2,Vendor B,1317
4,Vendor D,1318
2,Vendor B,1319
3,Vendor C,1320
4,Vendor D,1321
3,Vendor C,1322
1,Vendor A,1323
2,Vendor B,1324
1,Vendor A,1325
1,Vendor A,1326
1,Vendor A,1327
1,Vendor A,1328
2,Vendor B,1329
1,Vendor A,1330
2,Vendor B,1331
2,Vendor B,1332
3,Vendor C,1333
4,Vendor D,1334
4,Vendor D,1335
2,Vendor B,1336
3,Vendor C,1337
2,Vendor B,1338
2,Vendor B,1339
2,Vendor B,1340
3,Vendor C,1341
4,Vendor D,1342
3,Vendor C,1343
1,Vendor A,1344
3,Vendor C,1345
3,Vendor C,1346
3,Vendor C,1347
3,Vendor C,1348
4,Vendor D,1349
1,Vendor A,1350
4,Vendor D,1351
4,Vendor D,1352
3,Vendor C,1353
2,Vendor B,1354
2,Vendor B,1355
4,Vendor D,1356
4,Vendor D,1357
3,Vendor C,1358
4,Vendor D,1359
3,Vendor C,1360
2,Vendor B,1361
2,Vendor B,1362
1,Vendor A,1363
2,Vendor B,1364
4,Vendor D,1365
2,Vendor B,1366
3,Vendor C,1367
2,Vendor B,1368
1,Vendor A,1369
2,Vendor B,1370
3,Vendor C,1371
3,Vendor C,1372
4,Vendor D,1373
2,Vendor B,1374
3,Vendor C,1375
1,Vendor A,1376
4,Vendor D,1377
1,Vendor A,1378
2,Vendor B,1379
2,Vendor B,1380
2,Vendor B,1381
4,Vendor D,1382
3,Vendor C,1383
4,Vendor D,1384
1,Vendor A,1385
4,Vendor D,1386
1,Vendor A,1387
4,Vendor D,1388
3,Vendor C,1389
1,Vendor A,1390
2,Vendor B,1391
2,Vendor B,1392
4,Vendor D,1393
2,Vendor B,1394
1,Vendor A,1395
2,Vendor B,1396
3,Vendor C,1397
3,Vendor C,1398
4,Vendor D,1399
1,Vendor A,1400
3,Vendor C,1401
3,Vendor C,1402
1,Vendor A,1403
2,Vendor B,1404
2,Vendor B,1405
4,Vendor D,1406
2,Vendor B,1407
1,Vendor A,1408
3,Vendor C,1409
2,Vendor B,1410
4,Vendor D,1411
2,Vendor B,1412
1,Vendor A,1413
4,Vendor D,1414
2,Vendor B,1415
4,Vendor D,1416
1,Vendor A,1417
3,Vendor C,1418
1,Vendor A,1419
1,Vendor A,1420
1,Vendor A,1421
1,Vendor A,1422
3,Vendor C,1423
3,Vendor C,1424
4,Vendor D,1425
2,Vendor B,1426
3,Vendor C,1427
3,Vendor C,1428
2,Vendor B,1429
3,Vendor C,1430
1,Vendor A,1431
1,Vendor A,1432
2,Vendor B,1433
4,Vendor D,1434
4,Vendor D,1435
2,Vendor B,1436
2,Vendor B,1437
1,Vendor A,1438
4,Vendor D,1439
3,Vendor C,1440
1,Vendor A,1441
2,Vendor B,1442
4,Vendor D,1443
3,Vendor C,1444
3,Vendor C,1445
1,Vendor A,1446
4,Vendor D,1447
4,Vendor D,1448
2,Vendor B,1449
4,Vendor D,1450
4,Vendor D,1451
1,Vendor A,1452
4,Vendor D,1453
3,Vendor C,1454
1,Vendor A,1455
1,Vendor A,1456
2,Vendor B,1457
4,Vendor D,1458
2,Vendor B,1459
3,Vendor C,1460
1,Vendor A,1461
1,Vendor A,1462
1,Vendor A,1463
3,Vendor C,1464
3,Vendor C,1465
2,Vendor B,1466
2,Vendor B,1467
2,Vendor B,1468
4,Vendor D,1469
1,Vendor A,1470
1,Vendor A,1471
2,Vendor B,1472
1,Vendor A,1473
2,Vendor B,1474
4,Vendor D,1475
4,Vendor D,1476
3,Vendor C,1477
4,Vendor D,1478
2,Vendor B,1479
4,Vendor D,1480
3,Vendor C,1481
1,Vendor A,1482
2,Vendor B,1483
1,Vendor A,1484
3,Vendor C,1485
3,Vendor C,1486
3,Vendor C,1487
1,Vendor A,1488
1,Vendor A,1489
1,Vendor A,1490
1,Vendor A,1491
3,Vendor C,1492
3,Vendor C,1493
2,Vendor B,1494
2,Vendor B,1495
1,Vendor A,1496
4,Vendor D,1497
4,Vendor D,1498
3,Vendor C,1499
3,Vendor C,1500
3,Vendor C,1501
2,Vendor B,1502
2,Vendor B,1503
3,Vendor C,1504
3,Vendor C,1505
3,Vendor C,1506
4,Vendor D,1507
2,Vendor B,1508
4,Vendor D,1509
4,Vendor D,1510
3,Vendor C,1511
3,Vendor C,1512
1,Vendor A,1513
1,Vendor A,1514
4,Vendor D,1515
2,Vendor B,1516
3,Vendor C,1517
3,Vendor C,1518
4,Vendor D,1519
1,Vendor A,1520
2,Vendor B,1521
1,Vendor A,1522
1,Vendor A,1523
1,Vendor A,1524
1,Vendor A,1525
3,Vendor C,1526
3,Vendor C,1527
1,Vendor A,1528
2,Vendor B,1529
4,Vendor D,1530
2,Vendor B,1531
2,Vendor B,1532
2,Vendor B,1533
1,Vendor A,1534
3,Vendor C,1535
2,Vendor B,1536
1,Vendor A,1537
2,Vendor B,1538
2,Vendor B,1539
1,Vendor A,1540
3,Vendor C,1541
3,Vendor C,1542
4,Vendor D,1543
1,Vendor A,1544
4,Vendor D,1545
4,Vendor D,1546
4,Vendor D,1547
3,Vendor C,1548
1,Vendor A,1549
4,Vendor D,1550
1,Vendor A,1551
1,Vendor A,1552
3,Vendor C,1553
4,Vendor D,1554
4,Vendor D,1555
1,Vendor A,1556
2,Vendor B,1557
3,Vendor C,1558
3,Vendor C,1559
3,Vendor C,1560
3,Vendor C,1561
4,Vendor D,1562
4,Vendor D,1563
2,Vendor B,1564
3,Vendor C,1565
3,Vendor C,1566
1,Vendor A,1567
4,Vendor D,1568
3,Vendor C,1569
2,Vendor B,1570
2,Vendor B,1571
4,Vendor D,1572
2,Vendor B,1573
2,Vendor B,1574
4,Vendor D,1575
3,Vendor C,1576
3,Vendor C,1577
2,Vendor B,1578
2,Vendor B,1579
3,Vendor C,1580
4,Vendor D,1581
2,Vendor B,1582
1,Vendor A,1583
4,Vendor D,1584
2,Vendor B,1585
2,Vendor B,1586
1,Vendor A,1587
1,Vendor A,1588
3,Vendor C,1589
4,Vendor D,1590
4,Vendor D,1591
3,Vendor C,1592
4,Vendor D,1593
4,Vendor D,1594
4,Vendor D,1595
4,Vendor D,1596
4,Vendor D,1597
1,Vendor A,1598
4,Vendor D,1599
1,Vendor A,1600
4,Vendor D,1601
3,Vendor C,1602
2,Vendor B,1603
1,Vendor A,1604
4,Vendor D,1605
3,Vendor C,1606
2,Vendor B,1607
1,Vendor A,1608
2,Vendor B,1609
3,Vendor C,1610
1,Vendor A,1611
2,Vendor B,1612
4,Vendor D,1613
1,Vendor A,1614
2,Vendor B,1615
3,Vendor C,1616
3,Vendor C,1617
1,Vendor A,1618
2,Vendor B,1619
1,Vendor A,1620
1,Vendor A,1621
2,Vendor B,1622
2,Vendor B,1623
4,Vendor D,1624
2,Vendor B,1625
3,Vendor C,1626
1,Vendor A,1627
1,Vendor A,1628
3,Vendor C,1629
2,Vendor B,1630
3,Vendor C,1631
3,Vendor C,1632
4,Vendor D,1633
3,Vendor C,1634
1,Vendor A,1635
3,Vendor C,1636
1,Vendor A,1637
1,Vendor A,1638
1,Vendor A,1639
2,Vendor B,1640
4,Vendor D,1641
1,Vendor A,1642
1,Vendor A,1643
2,Vendor B,1644
1,Vendor A,1645
3,Vendor C,1646
3,Vendor C,1647
4,Vendor D,1648
1,Vendor A,1649
2,Vendor B,1650
3,Vendor C,1651
2,Vendor B,1652
2,Vendor B,1653
3,Vendor C,1654
2,Vendor B,1655
3,Vendor C,1656
2,Vendor B,1657
3,Vendor C,1658
1,Vendor A,1659
4,Vendor D,1660
3,Vendor C,1661
3,Vendor C,1662
4,Vendor D,1663
3,Vendor C,1664
3,Vendor C,1665
2,Vendor B,1666
4,Vendor D,1667
1,Vendor A,1668
3,Vendor C,1669
4,Vendor D,1670
2,Vendor B,1671
1,Vendor A,1672
4,Vendor D,1673
1,Vendor A,1674
1,Vendor A,1675
1,Vendor A,1676
3,Vendor C,1677
3,Vendor C,1678
2,Vendor B,1679
2,Vendor B,1680
4,Vendor D,1681
2,Vendor B,1682
1,Vendor A,1683
1,Vendor A,1684
3,Vendor C,1685
1,Vendor A,1686
4,Vendor D,1687
1,Vendor A,1688
1,Vendor A,1689
4,Vendor D,1690
2,Vendor B,1691
2,Vendor B,1692
4,Vendor D,1693
3,Vendor C,1694
1,Vendor A,1695
4,Vendor D,1696
1,Vendor A,1697
3,Vendor C,1698
1,Vendor A,1699
4,Vendor D,1700
1,Vendor A,1701
2,Vendor B,1702
3,Vendor C,1703
3,Vendor C,1704
3,Vendor C,1705
4,Vendor D,1706
3,Vendor C,1707
2,Vendor B,1708
4,Vendor D,1709
2,Vendor B,1710
1,Vendor A,1711
1,Vendor A,1712
1,Vendor A,1713
1,Vendor A,1714
2,Vendor B,1715
4,Vendor D,1716
4,Vendor D,1717
3,Vendor C,1718
2,Vendor B,1719
1,Vendor A,1720
2,Vendor B,1721
3,Vendor C,1722
3,Vendor C,1723
2,Vendor B,1724
2,Vendor B,1725
2,Vendor B,1726
4,Vendor D,1727
1,Vendor A,1728
2,Vendor B,1729
2,Vendor B,1730
2,Vendor B,1731
3,Vendor C,1732
3,Vendor C,1733
4,Vendor D,1734
1,Vendor A,1735
4,Vendor D,1736
1,Vendor A,1737
3,Vendor C,1738
3,Vendor C,1739
3,Vendor C,1740
4,Vendor D,1741
2,Vendor B,1742
2,Vendor B,1743
3,Vendor C,1744
2,Vendor B,1745
2,Vendor B,1746
4,Vendor D,1747
1,Vendor A,1748
3,Vendor C,1749
3,Vendor C,1750
4,Vendor D,1751
4,Vendor D,1752
2,Vendor B,1753
3,Vendor C,1754
1,Vendor A,1755
4,Vendor D,1756
1,Vendor A,1757
1,Vendor A,1758
3,Vendor C,1759
3,Vendor C,1760
4,Vendor D,1761
3,Vendor C,1762
3,Vendor C,1763
3,Vendor C,1764
1,Vendor A,1765
4,Vendor D,1766
2,Vendor B,1767
1,Vendor A,1768
3,Vendor C,1769
1,Vendor A,1770
3,Vendor C,1771
3,Vendor C,1772
1,Vendor A,1773
4,Vendor D,1774
3,Vendor C,1775
4,Vendor D,1776
2,Vendor B,1777
3,Vendor C,1778
4,Vendor D,1779
4,Vendor D,1780
2,Vendor B,1781
4,Vendor D,1782
4,Vendor D,1783
2,Vendor B,1784
3,Vendor C,1785
4,Vendor D,1786
4,Vendor D,1787
4,Vendor D,1788
1,Vendor A,1789
2,Vendor B,1790
1,Vendor A,1791
2,Vendor B,1792
3,Vendor C,1793
3,Vendor C,1794
4,Vendor D,1795
2,Vendor B,1796
3,Vendor C,1797
2,Vendor B,1798
3,Vendor C,1799
1,Vendor A,1800
3,Vendor C,1801
1,Vendor A,1802
3,Vendor C,1803
4,Vendor D,1804
1,Vendor A,1805
3,Vendor C,1806
4,Vendor D,1807
1,Vendor A,1808
4,Vendor D,1809
2,Vendor B,1810
2,Vendor B,1811
1,Vendor A,1812
3,Vendor C,1813
1,Vendor A,1814
4,Vendor D,1815
3,Vendor C,1816
2,Vendor B,1817
3,Vendor C,1818
2,Vendor B,1819
3,Vendor C,1820
3,Vendor C,1821
3,Vendor C,1822
4,Vendor D,1823
4,Vendor D,1824
1,Vendor A,1825
1,Vendor A,1826
2,Vendor B,1827
4,Vendor D,1828
2,Vendor B,1829
1,Vendor A,1830
2,Vendor B,1831
1,Vendor A,1832
4,Vendor D,1833
3,Vendor C,1834
4,Vendor D,1835
2,Vendor B,1836
2,Vendor B,1837
4,Vendor D,1838
4,Vendor D,1839
1,Vendor A,1840
2,Vendor B,1841
2,Vendor B,1842
4,Vendor D,1843
3,Vendor C,1844
2,Vendor B,1845
3,Vendor C,1846
4,Vendor D,1847
4,Vendor D,1848
1,Vendor A,1849
2,Vendor B,1850
3,Vendor C,1851
1,Vendor A,1852
2,Vendor B,1853
1,Vendor A,1854
4,Vendor D,1855
2,Vendor B,1856
1,Vendor A,1857
1,Vendor A,1858
3,Vendor C,1859
1,Vendor A,1860
2,Vendor B,1861
2,Vendor B,1862
